<?xml version="1.0" encoding="UTF-8"?>
<project-private xmlns="http://www.netbeans.org/ns/project-private/1">
    <editor-bookmarks xmlns="http://www.netbeans.org/ns/editor-bookmarks/2" lastBookmarkId="0"/>
    <open-files xmlns="http://www.netbeans.org/ns/projectui-open-files/2">
        <group>
            <file>file:/C:/Users/user/Documents/NetBeansProjects/IMELCMierra/src/java/UMBLL/C1.java</file>
            <file>file:/C:/Users/user/Documents/NetBeansProjects/IMELCMierra/src/java/UMBLL/C4.java</file>
            <file>file:/C:/Users/user/Documents/NetBeansProjects/IMELCMierra/src/java/FacadeBLL/Challenge3BLL.java</file>
            <file>file:/C:/Users/user/Documents/NetBeansProjects/IMELCMierra/src/java/UserManagement/displayStudentController.java</file>
            <file>file:/C:/Users/user/Documents/NetBeansProjects/IMELCMierra/src/java/UserManagement/deleteStudentController.java</file>
            <file>file:/C:/Users/user/Documents/NetBeansProjects/IMELCMierra/src/java/UMBLL/TeacherBLL.java</file>
            <file>file:/C:/Users/user/Documents/NetBeansProjects/IMELCMierra/src/java/UMDLL/StudentDLL.java</file>
            <file>file:/C:/Users/user/Documents/NetBeansProjects/IMELCMierra/src/java/UserManagement/getUpdate.java</file>
            <file>file:/C:/Users/user/Documents/NetBeansProjects/IMELCMierra/web/mainPage.jsp</file>
            <file>file:/C:/Users/user/Documents/NetBeansProjects/IMELCMierra/web/User%20Management/displayStudent.jsp</file>
            <file>file:/C:/Users/user/Documents/NetBeansProjects/IMELCMierra/src/java/WorkbookFulfillment/c1.java</file>
            <file>file:/C:/Users/user/Documents/NetBeansProjects/IMELCMierra/src/java/UMDLL/ResultDLL.java</file>
            <file>file:/C:/Users/user/Documents/NetBeansProjects/IMELCMierra/src/java/WorkbookFulfillment/c4.java</file>
            <file>file:/C:/Users/user/Documents/NetBeansProjects/IMELCMierra/web/index.html</file>
            <file>file:/C:/Users/user/Documents/NetBeansProjects/IMELCMierra/src/java/UserManagement/updateUserController.java</file>
            <file>file:/C:/Users/user/Documents/NetBeansProjects/IMELCMierra/src/java/WorkbookFulfillment/c3.java</file>
            <file>file:/C:/Users/user/Documents/NetBeansProjects/IMELCMierra/src/java/UMDLL/WorkbookDLL.java</file>
            <file>file:/C:/Users/user/Documents/NetBeansProjects/IMELCMierra/web/EvaluateWorkbook/schoolForm.jsp</file>
            <file>file:/C:/Users/user/Documents/NetBeansProjects/IMELCMierra/src/java/UMBLL/WorkbookBLL.java</file>
            <file>file:/C:/Users/user/Documents/NetBeansProjects/IMELCMierra/web/User%20Management/Login.jsp</file>
            <file>file:/C:/Users/user/Documents/NetBeansProjects/IMELCMierra/src/java/UMDLL/ProjectManagerDLL.java</file>
            <file>file:/C:/Users/user/Documents/NetBeansProjects/IMELCMierra/src/java/FacadeBLL/Challenge.java</file>
            <file>file:/C:/Users/user/Documents/NetBeansProjects/IMELCMierra/src/java/ObserverUtil/LoginNotiListener.java</file>
            <file>file:/C:/Users/user/Documents/NetBeansProjects/IMELCMierra/src/java/WorkbookFulfillment/submitWorkbook.java</file>
            <file>file:/C:/Users/user/Documents/NetBeansProjects/IMELCMierra/src/java/UMBLL/StudentBLL.java</file>
            <file>file:/C:/Users/user/Documents/NetBeansProjects/IMELCMierra/src/java/ObserverUtil/Observer.java</file>
            <file>file:/C:/Users/user/Documents/NetBeansProjects/IMELCMierra/web/EvaluateWorkbook/checkWorkbook.jsp</file>
            <file>file:/C:/Users/user/Documents/NetBeansProjects/IMELCMierra/src/java/UMDLL/TeacherDLL.java</file>
            <file>file:/C:/Users/user/Documents/NetBeansProjects/IMELCMierra/src/java/UMBLL/ResultBLL.java</file>
            <file>file:/C:/Users/user/Documents/NetBeansProjects/IMELCMierra/src/java/FacadeBLL/Challenge1BLL.java</file>
            <file>file:/C:/Users/user/Documents/NetBeansProjects/IMELCMierra/src/java/UMBLL/ProjectManagerBLL.java</file>
            <file>file:/C:/Users/user/Documents/NetBeansProjects/IMELCMierra/web/Workbook_Fulfillment/CompletingWorbook.jsp</file>
            <file>file:/C:/Users/user/Documents/NetBeansProjects/IMELCMierra/src/java/UserManagement/LoginController.java</file>
            <file>file:/C:/Users/user/Documents/NetBeansProjects/IMELCMierra/src/java/FacadeBLL/Pages.java</file>
            <file>file:/C:/Users/user/Documents/NetBeansProjects/IMELCMierra/src/java/FacadeBLL/ChallengeMenu.java</file>
        </group>
    </open-files>
</project-private>
